{"title":"Dicers","id":"1uASC36CnbcK6JweOwH9ufWrPe-eZ4vBUxtoEC985-pcX4z8ytl64pGfh","createdDate":1473514138007,"modifiedDate":1537963479084,"version":0,"exportLinks":"nr","noticed":1548671463783,"modules":[{"id":"nr","name":"DicerWorker","type":"server_js","sourceId":"1f_6YepCSORhk2NWJKY8VppyubDnoSvcd","derivedSha":"2abdfcd019abbb28f91fd030d275bc809d5da5bd","fileName":"DicerWorker.gs"},{"id":"nr","name":"Utils","type":"server_js","sourceId":"1nuoxSJZnCP-l7CUBROV9YS8QPvfkaRjE","derivedSha":"f1d1494f8d274f3495da7b93bc6ae734a16956bb","fileName":"Utils.gs"},{"id":"nr","name":"Process","type":"server_js","sourceId":"1ekP6YhJoqMVI6S_Ps20WQc2zhLO3D2zq","derivedSha":"e1bbcbc73cdf5a35a005974af576522effc5590b","fileName":"Process.gs"},{"id":"nr","name":"App","type":"server_js","sourceId":"14xHSdsO08zLPE9ZzV1vVf-ZPIwUCo605","derivedSha":"3783f33dfa0a78019de0bb213dba5734dd0f7ff2","fileName":"App.gs"},{"id":"nr","name":"app.css","type":"html","sourceId":"1g9UOHsLXCukiNFqi6Hqj_BZteUZkYjKB","derivedSha":"5584ceaba4254eeaceb720e20b3b9ac7f24bc547","fileName":"app.css.html"},{"id":"nr","name":"index","type":"html","sourceId":"19c9MgB5CzQ3uPefG9CC8M1ob5j8SChLz","derivedSha":"074bd108f2e027f152bd6bbcaeefaae39247885c","fileName":"index.html"},{"id":"nr","name":"Addon","type":"server_js","sourceId":"1-cdzpwtxsMQVXD_4-p239xcrqT2vlAKE","derivedSha":"31f307eb2ee848b366469b07e1bd0c4bbe055d4a","fileName":"Addon.gs"},{"id":"nr","name":"Home","type":"server_js","sourceId":"1AuSLNFKVW_yooC7PK4vWbSIUuwn4i8XT","derivedSha":"41cdd2a72a70ba804aebf8d0853454b2e89822ee","fileName":"Home.gs"},{"id":"nr","name":"main.js","type":"html","sourceId":"1_nesgjrtJxDpZaijKP7Bl1JDYoWxl2Qq","derivedSha":"6561cf71c5e7a7f307db2c4e032b1aa14755f17f","fileName":"main.js.html"},{"id":"nr","name":"Image","type":"server_js","sourceId":"1RRyLRrO-TtZl47iA2GmiW5aF0BjupQgn","derivedSha":"28cd8a385af7dd976e0a0b56c5ccd87f08cfc78d","fileName":"Image.gs"},{"id":"nr","name":"Include","type":"server_js","sourceId":"14KlZ8NeCRxzehAGldoIJyVMZiHO2ZlQ8","derivedSha":"2bda271414a60a2ebbd999d5555226da1e592c5c","fileName":"Include.gs"},{"id":"nr","name":"cdn.css","type":"html","sourceId":"1sT8uPAVwo-lU3UPoL_KWqBVI3j6mMLTQ","derivedSha":"97a1ddc5fa720b9787abf72e7b7642d313ac367c","fileName":"cdn.css.html"},{"id":"nr","name":"appmarkup","type":"html","sourceId":"1Sv4STIhKWHkFuWAqlfi5lJG7sRIGe4Aj","derivedSha":"ac73118906fdd8e2bd959f816e6cdf5edbef6f58","fileName":"appmarkup.html"},{"id":"nr","name":"cdn","type":"html","sourceId":"1NDrPVx9vi6aA_-ZgRZMJf4d10l9EBKeM","derivedSha":"84fe5efbe732193e8dbc23b277ed3beba832ad71","fileName":"cdn.html"},{"id":"nr","name":"Provoke","type":"server_js","sourceId":"16B-P-YJNxl2LnoJNJiqN2CQ9NkFD3Yh1","derivedSha":"f5c045dc4369427c206bce2d43b600cd9af1c82a","fileName":"Provoke.gs"},{"id":"nr","name":"spinner.css","type":"html","sourceId":"1DAiiIkOr9jV3rEhN8Ii4KDPPKyp5av5h","derivedSha":"b50bdf9b8833b2431bfbb949f3ea6061f6f1aee2","fileName":"spinner.css.html"},{"id":"nr","name":"DomUtils","type":"server_js","sourceId":"1fFB7BZmduysJ79dHl-F0jpHRIblLI2JF","derivedSha":"a41b2880346a396cbff823db1de3ef0f1d4cb9e1","fileName":"DomUtils.gs"},{"id":"nr","name":"Elementer","type":"server_js","sourceId":"1xFTx7-DN-tpsSaZsunm7aVnIpCZlsybU","derivedSha":"b94bd5f1d0e17b96f6dda06347ded1faa3a048a6","fileName":"Elementer.gs"},{"id":"nr","name":"Props","type":"server_js","sourceId":"148da5yd2WY1No_N-KGMokXKIE6f8aQov","derivedSha":"d65825df73a39f989ad0d64fbae113fb85982c9b","fileName":"Props.gs"},{"id":"nr","name":"ClientWatcher","type":"server_js","sourceId":"14jumSyQOurs6gFUWFHKGEcsoFRzm-uwZ","derivedSha":"bf859bbf05bc6ce19ff01f250de0a62d62750536","fileName":"ClientWatcher.gs"},{"id":"nr","name":"ServerWatcher","type":"server_js","sourceId":"1jktpVJ_TU80k8R_PJ2vm-Lgn_KuYGz2S","derivedSha":"a359cacd5095a3b80adbe5f5017415d15b10d9f8","fileName":"ServerWatcher.gs"},{"id":"nr","name":"Fiddler","type":"server_js","sourceId":"1qhv-K6nVscKJnwQesbGXbbxvzI3UI_ST","derivedSha":"0b6df61e644037f2dd1196c074e530bf74556acb","fileName":"Fiddler.gs"},{"id":"nr","name":"Client","type":"server_js","sourceId":"1H64lY8Afv49TJqJypq4i0P4vv1rg34FA","derivedSha":"c5943081f9ef0484d88435b81a640932d0a03eac","fileName":"Client.gs"},{"id":"nr","name":"Server","type":"server_js","sourceId":"1wJ_dtplMWZkDhOqEaIpRmPW7AkYJ0teV","derivedSha":"352df0d2e1928c57987ba659f119884e08ed8e17","fileName":"Server.gs"},{"id":"nr","name":"SheetsMore","type":"server_js","sourceId":"1Av5CwR-ZfDYVd6vPdj6vNz-AvdOVJWtS","derivedSha":"5ebbfb2dddb7fe6fa08b728a2957a9b96d450d2a","fileName":"SheetsMore.gs"},{"id":"nr","name":"Dicers","type":"server_js","sourceId":"1Pxp5PyildxvWuMdq1OW4UzDSSdIJcnEz","derivedSha":"b570e2d2a686e9bd24b60ad4a5a7f0e48027ba96","fileName":"Dicers.gs"},{"id":"nr","name":"Interactor","type":"server_js","sourceId":"1-B4swT_cLSb3cYhXhkRlECoyxJY135u4","derivedSha":"d8df182192eaa8940be2dd03e52accdbdae3e79c","fileName":"Interactor.gs"},{"id":"nr","name":"issues","type":"server_js","sourceId":"1fmhGMPFzKYGokgFErKClNQpiv4bJNHws","derivedSha":"303ba7ac896d4c6ed4238f7de5e3aad95fc432d6","fileName":"issues.gs"},{"id":"nr","name":"GasStripeCheckout","type":"server_js","sourceId":"17ByZ_oz8OkLFA3wJH2zk0N9kJ5hpy9oD","derivedSha":"d77822f57cbe7d4a0a03628bf1d8777e514a7baf","fileName":"GasStripeCheckout.gs"},{"id":"nr","name":"Squeeze","type":"server_js","sourceId":"1wf-hotRYLlZtdgZjv-mx4zTm4E9cz1wC","derivedSha":"093e46c8384bf8f757b197ed17fcccda69e0b549","fileName":"Squeeze.gs"},{"id":"nr","name":"Coupon","type":"server_js","sourceId":"1EWCroFnZZ1W2aYmXRscieZZsujX4DG6r","derivedSha":"1374b7905184653d938b25fba56654e0953228ae","fileName":"Coupon.gs"},{"id":"nr","name":"appsscript","type":"json","sourceId":"1qrMNFZVFdi7Wt2iHJ-MVCQIgqeoKJZ9T","derivedSha":"ed976a89ac30e5d3ba446b76b4e59eba5f07ee0f","fileName":"appsscript.json"}],"fileId":"1jkMGA-b9D_7NwJcEu-H42KR8v07PBB7y","extracted":true,"repo":"Dicers","manifestId":"1qrMNFZVFdi7Wt2iHJ-MVCQIgqeoKJZ9T","sourceWritten":1548672603839,"libraries":[],"scopes":[],"google":[{"library":"Drive","identifier":"Drive","sdc":"drive","development":0,"version":"v2"}],"dependencies":[],"readmeFileId":"1Te6r0gcBddoq4c5wDy-rRurnnWill4qt","dependenciesFileId":"1HGHaNw2XalXNf3c2pWpFG4w9CzGGox2U"}